PeakID (cmd=annotatePeaks.pl tss hg38 -size -500,250 -m IL17_DoseFactor10-DoseFactor1_FDR-5_LFC-1.5/homerResults/motif2.motif -list IL17_DoseFactor10-DoseFactor1_FDR-5_LFC-1.5.txt)	Chr	Start	End	Strand	Not Used	Focus Ratio/Region Size	Annotation	Detailed Annotation	Distance to TSS	Nearest PromoterID	Entrez ID	Nearest Unigene	Nearest Refseq	Nearest Ensembl	Gene Name	Gene Alias	Gene Description	Gene Type	CpG%	GC%	2-TCCGGATCGATC,BestGuess:HNF6(Homeobox)/Liver-Hnf6-ChIP-Seq(ERP000394)/Homer(0.701) Distance From Peak(sequence,strand,conservation)
NM_002993	chr4	73836056	73836806	+	0	NA	promoter-TSS (NM_002993)	promoter-TSS (NM_002993)	0	NM_002993	6372	Hs.164021	NM_002993	ENSG00000124875	CXCL6	CKA-3|GCP-2|GCP2|SCYB6	chemokine (C-X-C motif) ligand 6	protein-coding	0.026667	0.531292	
NM_000963	chr1	186680177	186680927	-	0	NA	promoter-TSS (NR_125801)	promoter-TSS (NR_125801)	0	NM_000963	5743	Hs.196384	NM_000963	ENSG00000073756	PTGS2	COX-2|COX2|GRIPGHS|PGG/HS|PGHS-2|PHS-2|hCox-2	prostaglandin-endoperoxide synthase 2 (prostaglandin G/H synthase and cyclooxygenase)	protein-coding	0.073333	0.605859	
NM_002985	chr17	35880123	35880873	-	0	NA	promoter-TSS (NM_002985)	promoter-TSS (NM_002985)	0	NM_002985	6352	Hs.514821	NM_002985	ENSG00000271503	CCL5	D17S136E|RANTES|SCYA5|SIS-delta|SISd|TCP228|eoCP	chemokine (C-C motif) ligand 5	protein-coding	0.014667	0.501997	
NM_012242	chr10	52313781	52314531	+	0	NA	promoter-TSS (NR_038277)	promoter-TSS (NR_038277)	0	NM_012242	22943	Hs.40499	NM_012242	ENSG00000107984	DKK1	DKK-1|SK	dickkopf WNT signaling pathway inhibitor 1	protein-coding	0.057333	0.589880	
NM_031419	chr3	101849014	101849764	+	0	NA	promoter-TSS (NM_031419)	promoter-TSS (NM_031419)	0	NM_031419	64332	Hs.319171	NM_031419	ENSG00000144802	NFKBIZ	IKBZ|INAP|MAIL	nuclear factor of kappa light polypeptide gene enhancer in B-cells inhibitor, zeta	protein-coding	0.128000	0.758988	
NM_000759	chr17	40014861	40015611	+	0	NA	promoter-TSS (NM_172219)	promoter-TSS (NM_172219)	0	NM_000759	1440	Hs.2233	NM_000759	ENSG00000108342	CSF3	C17orf33|CSF3OS|GCSF	colony stimulating factor 3	protein-coding	0.018667	0.583222	
NM_006573	chr13	108269129	108269879	+	0	NA	promoter-TSS (NM_006573)	promoter-TSS (NM_006573)	0	NM_006573	10673	Hs.525157	NM_006573	ENSG00000102524	TNFSF13B	BAFF|BLYS|CD257|DTL|TALL-1|TALL1|THANK|TNFSF20|ZTNF4	tumor necrosis factor (ligand) superfamily, member 13b	protein-coding	0.004000	0.384820	
NM_006273	chr17	34269716	34270466	+	0	NA	promoter-TSS (NM_006273)	promoter-TSS (NM_006273)	0	NM_006273	6354	Hs.251526	NM_006273	ENSG00000108688	CCL7	FIC|MARC|MCP-3|MCP3|NC28|SCYA6|SCYA7	chemokine (C-C motif) ligand 7	protein-coding	0.002667	0.443409	
NM_004951	chr13	99307245	99307995	-	0	NA	promoter-TSS (NM_004951)	promoter-TSS (NM_004951)	0	NM_004951	1880	Hs.784	NM_004951	ENSG00000169508	GPR183	EBI2	G protein-coupled receptor 183	protein-coding	0.010667	0.360852	
NM_152899	chr19	49896640	49897390	-	0	NA	promoter-TSS (NM_152899)	promoter-TSS (NM_152899)	0	NM_152899	259307	Hs.574492	NM_152899	ENSG00000104951	IL4I1	FIG1|LAAO|LAO	interleukin 4 induced 1	protein-coding	0.024000	0.591212	
NM_015714	chr1	209674825	209675575	+	0	NA	promoter-TSS (NM_015714)	promoter-TSS (NM_015714)	0	NM_015714	50486	Hs.432132	NM_015714	ENSG00000123689	G0S2	-	G0/G1 switch 2	protein-coding	0.065333	0.609854	
NM_002090	chr4	74038523	74039273	-	0	NA	promoter-TSS (NM_002090)	promoter-TSS (NM_002090)	0	NM_002090	2921	Hs.89690	NM_002090	ENSG00000163734	CXCL3	CINC-2b|GRO3|GROg|MIP-2b|MIP2B|SCYB3	chemokine (C-X-C motif) ligand 3	protein-coding	0.064000	0.607190	-16(TCCGGATCGATC,+,0.00),-12(GATCGATCTGGA,-,0.00)
NM_000758	chr5	132073292	132074042	+	0	NA	promoter-TSS (NM_000758)	promoter-TSS (NM_000758)	0	NM_000758	1437	Hs.1349	NM_000758	ENSG00000164400	CSF2	GMCSF	colony stimulating factor 2 (granulocyte-macrophage)	protein-coding	0.017333	0.593875	
NM_002422	chr11	102843439	102844189	-	0	NA	promoter-TSS (NM_002422)	promoter-TSS (NM_002422)	0	NM_002422	4314	Hs.375129	NM_002422	ENSG00000149968	MMP3	CHDS6|MMP-3|SL-1|STMY|STMY1|STR1	matrix metallopeptidase 3	protein-coding	0.006667	0.392810	
NM_002089	chr4	74099030	74099780	-	0	NA	promoter-TSS (NM_002089)	promoter-TSS (NM_002089)	0	NM_002089	2920	Hs.75765	NM_002089	ENSG00000081041	CXCL2	CINC-2a|GRO2|GROb|MGSA-b|MIP-2a|MIP2|MIP2A|SCYB2	chemokine (C-X-C motif) ligand 2	protein-coding	0.068000	0.587217	-14(TCGGGATCGATC,+,0.00),-10(GATCGATCTGGA,-,0.00)
NM_004433	chr1	202010062	202010812	+	0	NA	promoter-TSS (NM_001114309)	promoter-TSS (NM_001114309)	0	NM_004433	1999	Hs.603657	NM_004433	ENSG00000163435	ELF3	EPR-1|ERT|ESE-1|ESX	E74-like factor 3 (ets domain transcription factor, epithelial-specific )	protein-coding	0.025333	0.599201	
NM_032413	chr15	45430029	45430779	+	0	NA	promoter-TSS (NM_032413)	promoter-TSS (NM_032413)	0	NM_032413	84419	Hs.112242	NM_032413	ENSG00000166920	C15orf48	FOAP-11|NMES1	chromosome 15 open reading frame 48	protein-coding	0.094667	0.644474	
NM_006875	chrX	48918886	48919636	-	0	NA	promoter-TSS (NM_006875)	promoter-TSS (NM_006875)	0	NM_006875	11040	Hs.727148	NM_006875	ENSG00000102096	PIM2	-	Pim-2 proto-oncogene, serine/threonine kinase	protein-coding	0.068000	0.607190	38(TCCGGATTGATC,+,0.00)
NM_001511	chr4	73868892	73869642	+	0	NA	promoter-TSS (NM_001511)	promoter-TSS (NM_001511)	0	NM_001511	2919	Hs.789	NM_001511	ENSG00000163739	CXCL1	FSP|GRO1|GROa|MGSA|MGSA-a|NAP-3|SCYB1	chemokine (C-X-C motif) ligand 1 (melanoma growth stimulating activity, alpha)	protein-coding	0.066667	0.660453	-99(TCGGGATCGATC,+,0.00),-95(GATCGATCTGGA,-,0.00)
NM_004591	chr2	227813342	227814092	+	0	NA	promoter-TSS (NM_004591)	promoter-TSS (NM_004591)	0	NM_004591	6364	Hs.75498	NM_004591	ENSG00000115009	CCL20	CKb4|Exodus|LARC|MIP-3-alpha|MIP-3a|MIP3A|SCYA20|ST38	chemokine (C-C motif) ligand 20	protein-coding	0.010667	0.462051	
NM_005949	chr16	56657443	56658193	+	0	NA	promoter-TSS (NM_005949)	promoter-TSS (NM_005949)	0	NM_005949	4494	Hs.513626	NM_005949	ENSG00000198417	MT1F	MT1	metallothionein 1F	protein-coding	0.060000	0.639148	
NM_000641	chr19	55370213	55370963	-	0	NA	promoter-TSS (NM_001267718)	promoter-TSS (NM_001267718)	0	NM_000641	3589	Hs.467304	NM_000641	ENSG00000095752	IL11	AGIF|IL-11	interleukin 11	protein-coding	0.048000	0.676431	
NM_005623	chr17	34318547	34319297	+	0	NA	promoter-TSS (NM_005623)	promoter-TSS (NM_005623)	0	NM_005623	6355	Hs.271387	NM_005623	ENSG00000108700	CCL8	HC14|MCP-2|MCP2|SCYA10|SCYA8	chemokine (C-C motif) ligand 8	protein-coding	0.006667	0.459387	
NM_000600	chr7	22726647	22727397	+	0	NA	promoter-TSS (NM_000600)	promoter-TSS (NM_000600)	0	NM_000600	3569	Hs.654458	NM_000600	ENSG00000136244	IL6	BSF2|HGF|HSF|IFNB2|IL-6	interleukin 6	protein-coding	0.020000	0.466045	
NM_004233	chr6	14117134	14117884	+	0	NA	promoter-TSS (NM_004233)	promoter-TSS (NM_004233)	0	NM_004233	9308	Hs.595133	NM_004233	ENSG00000112149	CD83	BL11|HB15	CD83 molecule	protein-coding	0.117333	0.685752	
